id,brand,discount,discount_numeric,discount_type,ongoing_discount,min_spend,coupon,category,validity,validity_code,valid_days,title,url,image,description
teaser-f3b740d601,עולם הקולנוע והחשמל,₪200 הנחה,200,fixed_discount,,2000 ₪,MASTERCARDAY,חשמל וטכנולוגיה,10 בחודש בלבד,only_10th,[10],200 ₪  הנחה בקניה מעל 2000 ₪  באתר ובסניפי עולם הקולנוע והחשמל,https://www.cwc.co.il/,https://www.mastercard.com/content/dam/mccom/eu/israel/mastercard-day/Olam%20sep%20.png,"תקף ב- 10 בחודש בלבד באתר ובסניפי עולם הקולנוע והחשמל. *לא כולל סלולר ,קונסולות ומצלמות דיגיטליות. כולל כפל מבצעים, לא כולל כפל קופונים והטבות. . מתן ההטבה וטיב המוצרים ו\או השירותים באחריות בית העסק בלבד. בכפוף לתקנון המלא. קוד קופון לאתר: MASTERCARDAY קוד קופון לסניפים: MASTERCARDCWC לתקנון"
teaser-66f0b4c242,דומינו'ס,מחיר מבצע: ₪130,130,special_price,,,MDAY130,קולינריה ומסעדות,10 בחודש בלבד,only_10th,[10],2 פיצות משפחתיות ומוצר נלווה ב-130 ₪ בדומינו'ס,https://www.dominos.co.il/?deepLinkCouponId=MDAY10,https://www.mastercard.com/content/dam/mccom/eu/israel/mastercard-day/dominos-promo-image_1280x720.jpg,תקף ב10 בחודש בלבד. תקף על הזמנת משלוח בלבד (לא כולל תוספות ודמי משלוח) . בהזנת קוד קופון MDAY130 באתר או באפליקציית דומינו'ס. תקף ב-10 בחודש בלבד. בכפוף לתקנון המלא קוד קופון: MDAY130 לתקנון
teaser-fca9787953,Hollandia,1+1 מתנה,100,one_plus_one,,,MASTERCARDAY,לבית ולמשפחה,10-11 בחודש,10_11th,"[10, 11]",1+1 על כרית טמפור Prima Smart Cool באתר ובסניפי Hollandia,https://shorturl.at/LuiUY,https://www.mastercard.com/content/dam/mccom/eu/israel/mastercard-day/Hollandia%20sep.png,תקף ב-10 וב-11 בחודש בלבד באתר ובחנויות Hollandia. לא כולל כפל הנחות ומבצעים למועדוני לקוחות. בלעדי למשלמים בכרטיס אשראי מאסטרקארד. מתן ההטבה וטיב המוצרים ו\או השירותים באחריות בית העסק בלבד. בכפוף לתקנון המלא. מימוש ההטבה בלחיצה על הלינק היעודי לתקנון
teaser-f04218b4fc,Golda,מחיר מבצע: ₪84,84,special_price,,,MASTERCARDAY,קולינריה ומסעדות,10 בחודש בלבד,only_10th,[10],₪84 על קילו גלידה + 2 רטבים מתנה באפליקציית Golda,https://golda.onelink.me/GnbO/lo069g4w,https://www.mastercard.com/content/dam/mccom/eu/israel/mastercard-day/Golda%20.jpg,המבצע תקף ב- 10 לכל חודש בלבד החל משעה 9 בבוקר. תקף למזמינים באפליקציית Golda. לא כולל כפל קופונים. רטבים מתנה - שוקולד חלב + שוקולד לבן. לא כולל הזמנות עתידיות מחוץ לטווח היממה של ה-10 בחודש. אפשרות לאיסוף מהסניפים או משלוח בתוספת דמי משלוח. מתן ההטבה וטיב המוצרים ו\או השירותים באחריות בית העסק בלבד. בכפוף לתקנון המלא. קוד קופון: MASTERCARDAY לתקנון
teaser-95897480be,Bits of Gold,עד ₪50 הנחה,50,fixed_discount,,,MASTERCARDAY,צרכנות ופנאי,10 בחודש בלבד,only_10th,[10],עד ₪50 הנחה מעמלת הבסיס ברכישת מטבעות דיגיטליים ב bits of gold,https://www.bitsofgold.co.il/,https://www.mastercard.com/content/dam/mccom/eu/israel/mastercard-day/bits-of-gold-promo-image_1280x720.jpg,"ברכישת מטבעות ב-₪1,000 ומעלה בכרטיס אשראי. תקף ב-10 בחודש בלבד ובכפוף לתקנון המלא. החברה רשאית לשנות ו\או להפסיק את ההטבה בכל עת. ט.ל.ח. קוד קופון: MASTERCARDAY לתקנון"
teaser-7cbd25f21d,TerminalX,₪50 הנחה,50,fixed_discount,₪50 הנחה,₪250,MASTERCARDAY10,אופנה ולייף סטייל,10 בחודש בלבד,only_10th,"[1, 2, 3, 4, 5, 6, 7, 8, 9, 10, 11, 12, 13, 14, 15, 16, 17, 18, 19, 20, 21, 22, 23, 24, 25, 26, 27, 28, 29, 30, 31]",₪50 הנחה ברכישת ₪250 ומעלה באתר TerminalX,https://www.terminalx.com/women,https://www.mastercard.com/content/dam/mccom/eu/israel/mastercard-day/terminal-x-promo-image_1280x720.jpg,"המבצע תקף ב- 10 בחודש בלבד ובכפוף לתקנון המלא. כולל כפל מבצעים, לא כולל כפל קופונים. קוד קופון: MASTERCARDAY10 לתקנון"
teaser-40e9f8cc7d,מקדונלד'ס,50% הנחה,50,percent,,,MASTERCARDAY,קולינריה ומסעדות,10 בחודש בלבד,only_10th,[10],50% הנחה על מגוון* ארוחות במקדונלד'ס,,https://www.mastercard.com/content/dam/mccom/eu/israel/mastercard-day/mcdonalds-promo-image_1280x720.jpg,"מלאי ההטבות מוגבל. תקף למימוש ארוחה אחת ללקוח. תקף ב-10 בחודש עד השעה 19:00. תקף על ארוחות מבין האפשרויות: מק צ'יקן \ 5 מק נאגטס\ דאבל צ'יז בורגר\ביג מק\ דאבל מיני רויאל בלחמנייה ללא גלוטן עם צ'יפס ושתייה בגודל רגיל. לא תקף בתפריט לילה, במשלוחים ובנתב""ג. כל שינוי/החלפה/תוספת כרוכים בתשלום עפ""י מחירון הרשת. בכפוף לתקנון המלא באתר מאסטרקארד דיי. בלחיצה על באנר המבצע ובתשלום בארנק הדיגיטלי בעמדתמק טאצ' לתקנון"
teaser-a9c37d992b,קפה עלית,₪50 הנחה,50,fixed_discount,,₪250,MASTERCARDAY,קולינריה ומסעדות,10 בחודש בלבד,only_10th,[10],₪50 הנחה בקנייה מעל ₪250 באתר קפה עלית,https://www.elite-coffee.co.il/,https://www.mastercard.com/content/dam/mccom/eu/israel/mastercard-day/elit-promo-image_1280x720.jpg,"כולל כפל מבצעים לא כולל כפל קופונים והטבות. תקף על קפסולות ופולי קפה. תקף ב-10 בחודש בלבד, באתר קפה עלית. תקף על קפסולות ופולי קפה בלבד. תקף למשלמים בכרטיס אשראי מאסטרקארד. מתן ההטבה וטיב המוצרים ו\או השירותים באחריות בית העסק בלבד. בכפוף לתקנון המלא. קוד קופון: MASTERCARDAY לתקנון"
teaser-c58e33e314,BUG,עד 30% הנחה,30,percent,,,MASTERCARDAY,חשמל וטכנולוגיה,10 בחודש בלבד,only_10th,[10],עד 30% הנחה על מגוון מוצרים באתר BUG,https://www.bug.co.il/mastercardday,https://www.mastercard.com/content/dam/mccom/eu/israel/mastercard-day/bug-promo-image_1280x720.jpg,על מוצרים המופיעים בלינק הייעודי בלבד. תקף ב-10 בחודש החל מהשעה 10:00. לרוכשים בכרטיס מאסטרקארד בלבד. מוגבל לרכישה אחת ללקוח. בכפוף לתקנון המלא באתר מאסטרקארד דיי. קוד קופון: MASTERCARDAY לתקנון
teaser-09c9b3ec10,דרך היין,₪30 הנחה,30,fixed_discount,,₪200,MASTERCARDAY10,קולינריה ומסעדות,10 בחודש בלבד,only_10th,[10],₪30 הנחה בקנייה מעל ₪200 באתר דרך היין*,https://www.wineroute.co.il/product-category/יין/,https://www.mastercard.com/content/dam/mccom/eu/israel/mastercard-day/Winerouth-promo-image_1280x720.jpg,"*תקף על קטגוריית היין בלבד. משלוחים חינם מעל 300 ש”ח לכל הארץ. תקף ב-10 בחודש בלבד. תקף על כל האתר בלבד. ההנחה תינתן ברכישת 200 ש”ח ומעלה (לא כולל עלות המשלוח, על קטגוריית היין בלבד). לא כולל כפל הנחות וקופונים. מתן ההטבה וטיב המוצרים ו\או השירותים באחריות בית העסק בלבד. בכפוף לתקנון המלא. קוד קופון: MASTERCARDAY10 לתקנון"
teaser-cc4f81dcef,משלוחה,₪30 הנחה,30,fixed_discount,,,MASTERCARDAY,קולינריה ומסעדות,10 בחודש בלבד,only_10th,[10],₪30 הנחה ללקוחות חדשים בהזמנה מאפליקציית משלוחה,https://www.mishloha.co.il/?is_retargeting=true&source_caller=ui&shortlink=juxydi5u&c=Mastercard&pid=Moadon&af_xp=custom&af_reengagement_window=30d,https://www.mastercard.com/content/dam/mccom/eu/israel/mastercard-day/mishloha-promo-image_1280x720.jpg,לקוחות קיימים נהנים מ-₪10 הנחה בהזמנה בכל 10 בחודש. בנוסף צבירת עלות המשלוח לארנק במאות מסעדות משתתפות וקאשבק במאות מסעדות משתתפות. קופון NEWMASTERCARD מוגבל למימוש חד פעמי למשתמש חדש. קופון MASTERCARDAY הינו ללא הגבלת מימושים. קוד קופון ללקוחות חדשים: NEWMASTERCARD קוד קופון ללקוחות קיימים: MASTERCARDAY לתקנון
teaser-47f769a4eb,SOHO,25% הנחה,25,percent,,,MASTERCARDAY,צרכנות ופנאי,10 בחודש בלבד,only_10th,[10],25% הנחה באתר SOHO,https://bit.ly/3vpDne4,https://www.mastercard.com/content/dam/mccom/eu/israel/mastercard-day/soho-promo-image_1280x720.jpg,"תקף ב-10 בחודש. לא כולל כפל מבצעים והטבות ולא כולל מותגי Sonny Angel, CHIMI Mustard. בכפוף לתקנון באתר. קוד קופון: MASTERCARDAY לתקנון"
teaser-8af7c77496,VOYE,25% הנחה,25,percent,18% הנחה,,MASTERCARDAY,תיירות ונופש,25% הנחה ב-10-11 | 18% הנחה כל החודש,10_11th_and_all_month,"[1, 2, 3, 4, 5, 6, 7, 8, 9, 10, 11, 12, 13, 14, 15, 16, 17, 18, 19, 20, 21, 22, 23, 24, 25, 26, 27, 28, 29, 30, 31]",25% הנחה על כל חבילות הגלישה באתר ובאפליקציית VOYE,https://bit.ly/4w1OWEy,https://www.mastercard.com/content/dam/mccom/eu/israel/mastercard-day/VOYE%20web%20.png,"תקף למשלמים בכרטיס אשראי מאסטרקארד. ההטבה תקפה ב- 10 וב-11 בחודש עם 25% הנחה כאשר במהלך שאר ימי החודש תינתן הטבה של 18% הנחה על כלל החבילות, לא כולל חבילת Cruise קוד קופון: MASTERCARDAY לתקנון"
teaser-6a5515dd6a,ALDO,20% הנחה,20,percent,,,MDAY20,אופנה ולייף סטייל,10 בחודש בלבד,only_10th,[10],20% הנחה באתר ALDO,https://www.aldoshoes.co.il/?utm_source=isracard&utm_medium=mastercarday,https://www.mastercard.com/content/dam/mccom/eu/israel/mastercard-day/Aldo%20sep.png,כולל כפל מבצעים. תקף על כל הפריטים באתר. המבצע תקף באתר בלבד ב-10 בחודש. לא כולל כפל קופונים והטבות. מתן ההטבה וטיב המוצרים ו\או השירותים באחריות בית העסק בלבד. בכפוף לתקנון המלא. קוד קופון: MDAY20 לתקנון
teaser-665ae46991,Airalo,20% הנחה,20,percent,15% הנחה,,MASTERCARDAY,תיירות ונופש,20% הנחה ב-10-11 | 15% הנחה כל החודש,10_11th_and_all_month,"[1, 2, 3, 4, 5, 6, 7, 8, 9, 10, 11, 12, 13, 14, 15, 16, 17, 18, 19, 20, 21, 22, 23, 24, 25, 26, 27, 28, 29, 30, 31]",20% הנחה באתר Airalo על כל חבילות האינטרנט,https://www.airalo.com/he,https://www.mastercard.com/content/dam/mccom/eu/israel/mastercard-day/airalo-promo-image_1280x720.jpg,"ההטבה זמינה באתר Airalo, ביעדים השונים בעולם. 20% הנחה תקפים בתאריכים לרוכשים ב-10-11 בחודש. 15% הנחה תקפים במהלך כל ימות החודש בשימוש באותו קוד קופון MASTERCARDAY. מתן ההטבה וטיב המוצרים ו\או השירותים באחריות בית העסק בלבד. בכפוף לתקנון המלא. קוד קופון: MASTERCARDAY לתקנון"
teaser-7cd5781a60,Careline,20% הנחה,20,percent,,,MASTERCARDAY,צרכנות ופנאי,10 בחודש בלבד,only_10th,[10],20% הנחה באתר Careline,https://careline.co.il/,https://www.mastercard.com/content/dam/mccom/eu/israel/mastercard-day/careline-promo-image_1280x720.jpg,"תקף ב10 בחודש בלבד, כולל כפל מבצעים, לא כולל כפל קופונים. בלעדי למשלמים בכרטיס אשרי מאסטרקארד. ניתן לממש קוד קופון אחד בעסקה. בכפוף לתנאים המופיעים בתקנון המלא. קוד קופון: MASTERCARDAY לתקנון"
teaser-19ec80d8fd,Emanuel,20% הנחה,20,percent,,,MASTERCARDAY,אופנה ולייף סטייל,10 בחודש בלבד,only_10th,[10],20% הנחה על מותגי הבית באתר Emanuel,https://www.emanuel-online.com/,https://www.mastercard.com/content/dam/mccom/eu/israel/mastercard-day/emanuel-promo-image_1280x720.jpg,"תקף ב-10 בחודש בלבד, לא כולל כפל מבצעים, לא כולל כפל קופונים. תקף על מותגים: עמנואל, נטע השדה, ניו-רבלס ונאוטיקה בלבד. לא תקף על קטגוריית סייל. בלעדי למשלמים בכרטיס אשרי מאסטרקארד. בכפוף לתנאים המופיעים בתקנון המלא. קוד קופון: MASTERCARDAY לתקנון"
teaser-334d6328b0,GALI,אקסטרה 20% הנחה,20,percent,,,MASTERCARDAY1,אופנה ולייף סטייל,10 בחודש בלבד,only_10th,[10],20% אקסטרה הנחה על כל אתר GALI,https://www.gali.co.il/?utm_source=mastercard&utm_medium=mastercarday,https://www.mastercard.com/content/dam/mccom/eu/israel/mastercard-day/gali-promo-image_1280x720.jpg,כולל כפל מבצעים. בתוקף על כלל הפריטים באתר. המבצע תקף באתר ב-10 בחודש בלבד. התמונה להמחשה בלבד. מתן ההטבה וטיב המוצרים ו\או השירותים באחריות בית העסק בלבד. בכפוף לתקנון המלא. קוד קופון: MASTERCARDAY1 לתקנון
teaser-51d15dfb23,Gett,₪20 הנחה,20,fixed_discount,,,&nbsp;MASTERCARDAY,תיירות ונופש,10 בחודש בלבד,only_10th,[10],"20 ₪ הנחה בהזמנת נסיעה בחו""ל באפליקציית בGett",https://www.gett.com/il/download?af_xp=text&registration_origin=partner_mastercard&referrer=partner_mastercard&source_caller=ui&pid=partner_mastercard&is_retargeting=true&deeplink=coupon_code_screen&action=view&shortlink=7sgf17w6&deep_link_value=%22action%3Dview%26deeplink%3Dcoupon_code_screen%26referrer%3Dpartner_mastercard%26registration_origin%3Dpartner_mastercard%22&af_reengagement_window=7d&c=partner_mastercard_website,https://www.mastercard.com/content/dam/mccom/eu/israel/mastercard-day/GETT%20SEP.png,"תקף בהזמנת נסיעה בחו""ל בלבד (ביעדים המתמכים בשירות) ותקף להטענה באפליקציה ב-10 בחודש בלבד. ההטבה תקפה למימוש סוף החודש של אותו החודש. ללא כפל מבצעים. ניתן להזין הטבה אחת בחודש ולשימוש בהזמנה אחת בלבד מתן ההטבה וטיב המוצרים ו\או השירותים באחריות בית העסק בלבד. בכפוף לתקנון המלא. קוד קופון: MASTERCARDAY לתקנון"
teaser-8a15b566d4,Lee Cooper,20% הנחה,20,percent,,,MASTER20,אופנה ולייף סטייל,10 בחודש בלבד,only_10th,[10],20% הנחה באתר Lee Cooper,https://www.leecooper.co.il/?utm_source=isracard&utm_medium=mastercarday,https://www.mastercard.com/content/dam/mccom/eu/israel/mastercard-day/lee-ccooper-promo-image_1280x720.jpg,כולל כפל מבצעים. תקף על כל הפריטים באתר. המבצע תקף באתר בלבד ב-10 בחודש. לא כולל כפל קופונים והטבות. מתן ההטבה וטיב המוצרים ו\או השירותים באחריות בית העסק בלבד. בכפוף לתקנון המלא. קוד קופון: MASTER20 לתקנון
teaser-4fcaf565cf,Minene,20% הנחה,20,percent,,,MASTERCARDAY,אופנה ולייף סטייל,10 בחודש בלבד,only_10th,[10],20% הנחה נוספים על הביגוד באתר Minene,https://www.minene.net/clothing?utm_source=mastercarday&utm_medium=10.2.25,https://www.mastercard.com/content/dam/mccom/eu/israel/mastercard-day/minene%20oct%20plus%20logo.jpg,כולל כפל מבצעים. ללא כפל קופונים. המבצע תקף ב-10 בכל חודש החל מהשעה 00:00 ועד השעה 23:59 באותו היום. תקף באתר בלבד. התמונה להמחשה בלבד. מתן ההטבה וטיב המוצרים ו\או השירותים באחריות בית העסק בלבד. בכפוף לתקנון המלא. קוד קופון: MASTERCARDAY לתקנון
teaser-2feab2e5e9,Nine West,20% הנחה,20,percent,,,MASTERCARDAY,אופנה ולייף סטייל,10 בחודש בלבד,only_10th,[10],20% הנחה באתר Nine West,https://www.nine-west.co.il/?utm_source=isracard&utm_medium=mastercarday,https://www.mastercard.com/content/dam/mccom/eu/israel/mastercard-day/nine-west-promo-image_1280x720.jpg,כולל כפל מבצעים. בתוקף על כלל הפריטים באתר. המבצע תקף באתר ב-10 בחודש בלבד. התמונה להמחשה בלבד. מתן ההטבה וטיב המוצרים ו\או השירותים באחריות בית העסק בלבד. בכפוף לתקנון המלא. קוד קופון: MASTERCARDAY לתקנון
teaser-fd1fe1492e,adidas,אקסטרה 20% הנחה,20,percent,,,MASTERCARDAY,קולינריה ומסעדות,10 בחודש בלבד,only_10th,[10],אקסטרה 20% הנחה באתר ובאפליקציית adidas בנוסף להנחות הקיימות,https://www.adidas.co.il/he/mastercard-day?cm_mmc=AdiPartner_mastercard-_-dv:eCom-_-cn:adidas-EMEA-Brand-Partner-None-Multiple-IL-mastercardday-2309-_-pc:None&cm_mmc1=IL&cm_mmc2=adidas-EMEA-Brand-Partner-None-Multiple-IL-mastercardday-2309,https://www.mastercard.com/content/dam/mccom/eu/israel/mastercard-day/april-2026/adidas-promo-image_1280x720.jpg,כולל כפל הטבות על המוצרים המופיעים בלינק הייעודי בלבד. המבצע תקף ב-10 בחודש החל מהשעה 00:00 ועד השעה 23:59 באותו היום. תקף בישראל בלבד באתר האונליין ובאפליקציה. מתן ההטבה וטיב המוצרים ו\או השירותים באחריות בית העסק בלבד. בכפוף לתקנון המלא. קוד קופון: MASTERCARDAY לתקנון
teaser-6c7a020a27,Afrodita,18% הנחה,18,percent,,,MASTERCARDAY,קולינריה ומסעדות,10 בחודש בלבד,only_10th,[10],18% הנחה באתר ובסניפי Afrodita,https://afrodita.co.il/?gad_source=1&gad_campaignid=20313239228&gclid=Cj0KCQjwj47OBhCmARIsAF5wUEEaLmnt-RBpil3jW6fQXggUwsIEhiY4VQN7dI6Vzpkg0lj_OAU0GuYaApIFEALw_wcB,https://www.mastercard.com/content/dam/mccom/eu/israel/mastercard-day/april-2026/afrodita-promo-image_1280x720.jpg,"תקף ב10 בחודש בלבד, כולל כפל מבצעים, לא כולל כפל קופונים, ללא מימוש ו/או צבירה לחברי מועדון. ניתן לממש קוד קופון אחד בעסקה. בלעדי למשלמים בכרטיס אשראי מאסטרקארד. מתן ההטבה וטיב המוצרים ו\או השירותים באחריות בית העסק בלבד. בכפוף לתקנון המלא. קוד קופון: MASTERCARDAY לתקנון"
teaser-a2e9cf4f7e,Emporium,15% הנחה,15,percent,,,MASTERCARDAY,אופנה ולייף סטייל,10 בחודש בלבד,only_10th,[10],15% הנחה באתר ובחנויות Emporium,https://www.emporium.co.il/sale,https://www.mastercard.com/content/dam/mccom/eu/israel/mastercard-day/emporium%20sep.png,כולל כפל מבצעים. תקף על כל הפריטים באתר ובחנויות. המבצע תקף באתר בלבד ב-10 בחודש. לא כולל כפל קופונים והטבות. מתן ההטבה וטיב המוצרים ו\או השירותים באחריות בית העסק בלבד. בכפוף לתקנון המלא. קוד קופון: MASTERCARDAY לתקנון
teaser-6fa8a6d8e7,Guess,אקסטרה 15% הנחה,15,percent,,,MASTERCARDAY,קולינריה ומסעדות,10 בחודש בלבד,only_10th,[10],אקסטרה 15% הנחה באתר ובחנויות Guess,https://www.globalonline.co.il/brand-stores,https://www.mastercard.com/content/dam/mccom/eu/israel/mastercard-day/guess_mday_1280x720.jpg,"ההטבה תקפה על כל המותגים באתר היבואן הרישמי גלובל אונליין, וכן בחנויות המותגים המשתתפי בהטבה (תקף בישראל בלבד). תקף בכל 10 בחודש. כולל כפל מבצעים והנחות, למעט כפל הטבת מועדון לקוחות. בכפוף לפירוט התנאים בתקנון המלא. קוד קופון: MASTERCARDAY לתקנון"
teaser-afe4ed12ca,Nautica,15% הנחה,15,percent,,,MASTERCARDAY,אופנה ולייף סטייל,10 בחודש בלבד,only_10th,[10],15% הנחה באתר ובחנויות Nautica,https://www.nautica.co.il/?utm_source=mastercarday&utm_medium=sep-23,https://www.mastercard.com/content/dam/mccom/eu/israel/mastercard-day/Nautica%20sep.png,כולל כפל מבצעים. בתוקף על כל הפריטים באתר ובחנויות. המבצע תקף באתר ב-10 בחודש בלבד. התמונה להמחשה בלבד. מתן ההטבה וטיב המוצרים ו\או השירותים באחריות בית העסק בלבד. בכפוף לתקנון המלא. קוד קופון: MASTERCARDAY לתקנון
teaser-518ead8bc6,Soltam,15% הנחה,15,percent,,,MASTERCARDAY,לבית ולמשפחה,8-15 בחודש,date_range,"[8, 9, 10, 11, 12, 13, 14, 15]",15% הנחה על כל* אתר SOLTAM,https://soltam.co.il/,https://www.mastercard.com/content/dam/mccom/eu/israel/mastercard-day/soltam-promo-image_1280x720.jpg,"תקף לרוכשים בכרטיס מאסטרקארד. תקף מה-8 ועד ה-15 בחודש החל מהשעה 00:01 ועד השעה 23:59 באותו היום. כולל כפל מבצעים, לא כולל כפל קופונים. לא תקף על קטגוריית Sale. הנחת הקופון הינה על יתרת התשלום. בכפוף לתקנון המלא באתר מאסטרקארד דיי. קוד קופון: MASTERCARDAY לתקנון"
teaser-3ad7f02d0a,Sweetweet,15% הנחה,15,percent,,,MASTERCARDAY,קולינריה ומסעדות,10 בחודש בלבד,only_10th,[10],15% הנחה על כל אתר Sweetweet,https://sweetweet.co.il/,https://www.mastercard.com/content/dam/mccom/eu/israel/mastercard-day/sweetweet.png,המבצע תקף באתר ב-10 בחודש בלבד 15% הנחה באתר על כל המוצרים. לא כולל כפל קופונים\הטבות. הכפוף לתקנון המלא. קוד קופון: MASTERCARDAY לתקנון
teaser-a8384c2e84,Timberland,15% הנחה,15,percent,,,MASTERCARDAY,אופנה ולייף סטייל,10 בחודש בלבד,only_10th,[10],15% הנחה באתר ובחנויות Timberland,https://www.timberland.co.il/?utm_source=mastercarday&utm_medium=sep-23,https://www.mastercard.com/content/dam/mccom/eu/israel/mastercard-day/timberland-promo-image_1280x720.jpg,כולל כפל מבצעים. בתוקף על כל הפריטים באתר ובחנויות. המבצע תקף באתר ב-10 בחודש בלבד. התמונה להמחשה בלבד. מתן ההטבה וטיב המוצרים ו\או השירותים באחריות בית העסק בלבד. בכפוף לתקנון המלא. קוד קופון: MASTERCARDAY לתקנון
teaser-2163e1385f,עברית,15% הנחה,15,percent,,,MASTERCARDAY,צרכנות ופנאי,10 בחודש בלבד,only_10th,[10],15% הנחה על ספרים באתר עברית,https://www.e-vrit.co.il/?utm_source=MasterCard&utm_medium=banner&utm_campaign=MasterCard,https://www.mastercard.com/content/dam/mccom/eu/israel/mastercard-day/e-vrit-promo-image_1280x720.jpg,"על ספרים דיגיטליים, קוליים ומודפסים, כולל כפל מבצעים. ללא הגבלת מימושים. בכפוף לתקנון המלא. קוד קופון: MASTERCARDAY לתקנון"
teaser-16bd4b8727,Amazon,10% הנחה,10,percent,,$49,MASTERCARDAY,צרכנות ופנאי,10 בחודש בלבד,only_10th,[10],10% הנחה בקנייה מעל $49 באתר Amazon,https://www.amazon.com/,https://www.mastercard.com/content/dam/mccom/eu/israel/mastercard-day/may-2026/amazon-promo-image_1280x720.jpg,"גובה קופון מקסימלי - $10. לא כולל דמי משלוח ועמלות אחרות. ללא כפל מבצעים. תקף החל מהשעה 10:00 בבוקר ב-10 בחודש ועד גמר המלאי- מלאי הקופונים מתחלק בין שבת למוצאי שבת. מימוש אחד למשתמש, למשלוח לישראל בלבד. כמות הקופונים מוגבלת. קוד קופון החל מ-10:00 בבוקר ועד 20:00: MASTERCARDAY קוד קופון החל מ-20:01 ועד 23:59: MASTERCARD לתקנון"
teaser-a59fc21f2e,B.unique,10% הנחה,10,percent,,,MASTERCARDAY,אופנה ולייף סטייל,10 בחודש בלבד,only_10th,[10],10% הנחה על כל הנעליים והתיקים באתר ובחנויות B.unique,https://did.li/GRZlC,https://www.mastercard.com/content/dam/mccom/eu/israel/mastercard-day/B.unique.png,"תקף באתר ובחנויות כולל כפל מבצעים, לא כולל כפל קופונים. תקף ב-10 בחודש בלבד. מתן ההטבה וטיב המוצרים ו\או השירותים באחריות בית העסק בלבד. בכפוף לתקנון המלא. קוד קופון: MASTERCARDAY לתקנון"
teaser-a3948a5bad,KSP,10% הנחה,10,percent,,,MASTERCARDAY,חשמל וטכנולוגיה,10 בחודש בלבד,only_10th,[10],10% הנחה על מוצרי קמפינג וגינון באתר KSP,https://ksp.co.il/link/MASTERCARD,https://www.mastercard.com/content/dam/mccom/eu/israel/mastercard-day/KSP%20SEP.png,תקף על המוצרים המופיעים בעמוד הייעודי. תקף ב-10 בחודש כולל כפל הנחות. בכפוף לתקנון המלא. קוד קופון: MASTERCARDAY לתקנון
teaser-389c3ef0ca,Last Price,אקסטרה 10% הנחה,10,percent,,,MASTERCARDAY,חשמל וטכנולוגיה,10 בחודש בלבד,only_10th,[10],10% אקסטרה הנחת קופון על אלפי פריטים נבחרים באתר Last Price,https://www.lastprice.co.il/Category.asp?campaignid=5825,https://www.mastercard.com/content/dam/mccom/eu/israel/mastercard-day/last-price-promo-image_1280x720.jpg,תקף ב-10 בחודש בלבד. 10% אקסטרה הנחת קופון מהמחיר המוצג באתר על פריטים נבחרים הנושאים את מדבקת המבצע. בכפוף לתקנון המלא באתר מאסטרקארד דיי. קוד קופון: MASTERCARDAY לתקנון
teaser-c9bfd24c6c,Lenovo,10% הנחה,10,percent,,,MASTERCARDAY,חשמל וטכנולוגיה,10-13 בחודש,date_range,"[10, 11, 12, 13]",מחירים מיוחדים + 10% הנחה נוספים באתר Lenovo,https://www.lytrade.co.il/page/mastercard,https://www.mastercard.com/content/dam/mccom/eu/israel/mastercard-day/lenovo-promo-image_1280x720.jpg,על מוצרים נבחרים בלבד המופיעים בקטגוריית Mastercard. בהזנת קוד קופון MASTERCARDAY​. תקף ב-10-13 לכל חודש ובכפוף לתקנון המלא. קוד קופון: MASTERCARDAY לתקנון
teaser-7d781b793d,Nintendo,10% הנחה,10,percent,,,MASTERCARDAY,חשמל וטכנולוגיה,10 בחודש בלבד,only_10th,[10],10% הנחה על כל אתר Nintendo,https://www.nintendo.co.il/,https://www.mastercard.com/content/dam/mccom/eu/israel/mastercard-day/Nintendo3.png,"תקף ב-10 לחודש באתר הישראלי הרשמי בלבד ולרכושים בכרטיס מאסטרקארד, כולל כפל מבצעים (ללא כפל קופונים והנחות), בכפוף לתקנון המלא קוד קופון: MASTERCARDAY לתקנון"
teaser-6689118ee3,Walla Shops,10% הנחה,10,percent,,,MASTERCARDAY,חשמל וטכנולוגיה,9-11 בחודש,date_range,"[9, 10, 11]",10% הנחה על מגוון* מוצרים באתר Walla Shops,https://www.wallashops.co.il/,https://www.mastercard.com/content/dam/mccom/eu/israel/mastercard-day/walla-shop-promo-image_1280x720.jpg,תקף ב-9-11 בחודש בלבד. תקף על המוצרים המשתתפים בלבד בכפוף לתקנון המלא. התמונה להמחשה בלבד. קוד קופון: MASTERCARDAY לתקנון
teaser-53885ea537,Yellow,2 יח' ב-₪10,10,special_price,,,MASTERCARDAY,קולינריה ומסעדות,10 בחודש בלבד,only_10th,[10],2 יח’ טוויסטר ב- 10 ₪ בלבד באפליקציית Yellow,https://yellow.onelink.me/HpLh/aijxulmd,https://www.mastercard.com/content/dam/mccom/eu/israel/mastercard-day/Yellow%20Sep%20%20.png,תקף באפליקציית Yellow >> פעולות >> יש לי קוד קופון >> מזינים את קוד הקופון MASTERCARDAY. ההטבה תקפה להזנה ב-10 בחודש בלבד וניתן לממשה בחנויות עד ה-16 בחודש או עד גמר המלאי לפי המוקדם מביניהם. מתן ההטבה וטיב המוצרים ו\או השירותים באחריות בית העסק בלבד. בכפוף לתקנון המלא. קוד קופון: MASTERCARDAY לתקנון
teaser-db27b7b3f7,rebar,₪10 הנחה,10,fixed_discount,,,MASTERCARDAY10,קולינריה ומסעדות,10 בחודש בלבד,only_10th,[10],₪10 הנחה בקניית משקה M לבחירתך בסניפי rebar,https://rebar.co.il/store/,https://www.mastercard.com/content/dam/mccom/eu/israel/mastercard-day/rebar-promo-image_1280x720.jpg,תקף למשלמים בכרטיס אשראי מאסטרקארד. תקף ב-10 בחודש בסניפי rebar בהזנת קוד קופון. ההטבה זמינה לחברי מועדון rebar בהזנת קוד קופון. בכפוף לפירוט התנאים המלאים בתקנון קוד קופון: MASTERCARDAY10 לתקנון
teaser-a98aed8c83,אופטיקנה,10% הנחה,10,percent,,,MASTERCARDAY,אופנה ולייף סטייל,10 בחודש בלבד,only_10th,[10],10% הנחה באתר אופטיקנה,https://www.opticana.co.il/עדשות-מגע?utm_source=mastercard&utm_medium=newsletter&utm_campaign=10off,https://www.mastercard.com/content/dam/mccom/eu/israel/mastercard-day/opticana-promo-image_1280x720.jpg,10% הנחה באתר אופטיקנה​. כולל כפל מבצעים. המבצע תקף ב-10 בחודש בלבד. בכפוף לתקנון המלא. קוד קופון: MASTERCARDAY לתקנון
teaser-d21838ccc5,AliExpress,$5 הנחה,5,fixed_discount,,35$,MASTERCARDAY,צרכנות ופנאי,10 בחודש בלבד,only_10th,[10],5$ הנחה לרוכשים ב35$ באתר AliExpress,https://www.aliexpress.com/?src=google&albch=shopping&acnt=179-224-6891&isdl=y&slnk=&plac=&mtctp=&albbt=Google_7_shopping&aff_platform=google&aff_short_key=_oFgTQeV&gclsrc=aw.ds&albagn=888888&ds_e_adid=&ds_e_matchtype=&ds_e_device=c&ds_e_network=x&ds_url_v=2&albcp=22970961524&albag=&isSmbAutoCall=false&needSmbHouyi=false&gad_source=1&gad_campaignid=23080270514&gclid=Cj0KCQjwmYzIBhC6ARIsAHA3IkTqGvIK-lF73iQY8w9lP9Y-AsTvONFbCwR9t0MpwtVgTE6-8d0phwAaAqtmEALw_wcB&gatewayAdapt=usa2glo,https://www.mastercard.com/content/dam/mccom/eu/israel/mastercard-day/may-2026/aliexpress-promo-image_1280x720.jpg,"מלאי קופונים מוגבל. תקף ב-10 בחודש בלבד החל מהשעה 10:00 בבוקר ועד חצות \ עד גמר המלאי, המוקדם מבניהם - מלאי הקופונים מתחלק בין שבת למוצאי שבת. תקף למשלמים בכרטיס אשראי מאסטרקארד בלבד. בכפוף לתנאים המלאים בתקנון. קוד קופון החל מ-10:00 בבוקר ועד 20:00: MASTERCARDAY קוד קופון החל מ-20:01 ועד 23:59: MASTERCARD לתקנון"
teaser-52e1302192,Booking.com,4% קאשבק,4,cashback,,,MASTERCARDAY,תיירות ונופש,כל החודש,all_month,"[1, 2, 3, 4, 5, 6, 7, 8, 9, 10, 11, 12, 13, 14, 15, 16, 17, 18, 19, 20, 21, 22, 23, 24, 25, 26, 27, 28, 29, 30, 31]",4% קרדיט לארנק בהזמנת לינה באתר Booking,https://www.booking.com/index.html?aid=2321222,https://www.mastercard.com/content/dam/mccom/eu/israel/mastercard-day/booking_mday_1280x720.jpg,ההטבה תקפה למזמינים בלינק היעודי בלבד ובתשלום בכרטיס מאסטרקארד. ההטבה תקפה בכל ימות החודש. יש לעקוב אחר השלבים המופיעים בתקנון המלא על מנת להנות מההטבה. קוד קופון: MASTERCARDAY לתקנון
teaser-5324e3dfa5,EV-EDGE,הטבה בלעדית,0,special,,,MASTERCARDAY,חשמל וטכנולוגיה,10 בחודש בלבד,only_10th,[10],"10 קוט""ש מתנה לטעינה חשמלית ברשת EV-EDGE",https://play.google.com/store/apps/details?id=il.evedge.evedge,https://www.mastercard.com/content/dam/mccom/eu/israel/mastercard-day/evedge-promo-image_1280x720.jpg,"רוכשים חבילת טעינה ב10 בחודש בעלות 175 ש""ח באפליקציית EV-Edge ומקבלים בנוסף 10 קוט""ש במתנה למימוש בטעינה הבאה שלכם. בתוקף למשלמים בכרטיס מאסטרקארד בלבד. בכפוף לתקנון המלא באתר מאסטרקארד דיי. ט.ל.ח אופן המימוש: מפורט התקנון לתקנון"
